Complete	Col1	Country	ID1	ID2	Raw_read_fwd	Mean_length_raw_fwd	Raw_read_rev	Mean_length_raw_rev	Processed_read_fwd	Mean_length_proc_fwd	Processed_read_rev	Mean_length_proc_rev	Number_contigs	Number_VP1_contigs	VP1_contigs	Length_VP1_contigs	VP1_contigs_seq	Map_VP1	Identity	Coverage	Annotation	Identity	Coverage	Annotation_ncbi	Raw abundance	Relative abundance
HC1-ROM-8142-P3M1M4_S222	HC1	ROM	8142	P3M1M4	252281	147	252281	147	242337	144	242337	142	28	1	HC1-ROM-8142-P3M1M4_S222_NODE_1_length_4942_cov_156.201	4942	TGAATATCTAACTTGGGTTCTCCTGTCAATGAACTGGATGGCCTTGCCACACACTAGTGGGCAACACCTTTTGAAATTGACCGGGCAGCACTCGTCATCACATGTCTTAACAGACATGGGCATGTTAATTTTACCATTCTGGCTGTACATCGAAATCACCTCAATATTCATGTCAAAGTGAAACCTTCTGGCAAGTGCTCTGCTATCTGACACTGTTGGTGCATTAATGGACCCCGCGTTGGTTGATGCCAACACGAACGGGGACGTGAAGAGAATGCCTTTTTCTTCCAGCGCGGCCATGGGTGGCACAAAATCTACACTAGACACCATTTGGCAAAACAGGGACACGTCTTTCCCATCGGGGTTTTGACAGAGGTCATCCATAATCACTACTGCCTGTTGTTTGTACCCATCAAAGTGATCTGGATCTGGTGGCAAAGAGTACACAGAGCTGTTAAGCTTCTCTGCAAGGGATCTCCCTATCAGGTTGGTGGCTACTGACTTACCAGCCCCTGGACTACCATGAAGGAGTAAGCATACAGGCTCAATACGGCATTTGGACTTGAACTGTATGTAATTACTCATTTTCTTTTCTAGTGAGAACACTCTTTTTGCTTCGGCAGCGTACAGAGGTGCATACTTCCTGCAGTAATGGGCGAAGTACTGGACATTCGAAAAAAGCTGCTCTTGATCACTTTGTGAGGGTGCACTTTGCTCAATGGTGGTAATTTGGCTTTCAAGGAGTGGCAATTGCTTCAATCTGGTGAGGAATTCATGCTTCTCCTTCACTTCAGGCAGAATCTTTATTTTGAGCCACTCGATAAACTTTTGAATTTTAACAGCAATCCACTCCATGCCCTTGCAAGCGTTGGTCATTTCGGTGAATTTCTTCAACCAACCGTTATTCTGTCTTTCAGCCATGGGGATTCCGTAGTATTGACTCACTTTTTGTTTGAGCCATCGCCATGGAGATGTTGTGCAACCGATTAAAGCTAGTGTGGCAGTCACTGTAATCAGGTCATCGTGGTTCCTAACCACTATCACTAAGGCTGATATGATTTTAACCAGGGCCTTCAGGGATTTTTCTAATATGGAGTCCTGCCCTATCAGGGACTCCTTGAGGAGGTTAACTTGCTCACAGATCTGGTTAGTGAAACCTGAGCCAAATGCATTTCCCAGTTGTTCTACATAATCTTTAACACCCTGCTCCATGGCATCGTCCTCCAACCACAAGAGGTCTCGCACGTCAGCGAAGCCTACTACACCCTCACCACCCATGGTAACGAGCCCAATAACTCCATGTTCACACCTCAAGATACCTCCACAATCACCCGGTTCTGAGAATCCAGCTGCAAGAAGTACATGCGACTGGTATCTCTCGGGGTAGTACTCACTCTCTTGAACTTTCACTAGGCCTGGACCCTCGAAGCTTACTGGGTAGTGCTTATTTCTGGATGCACAAAAGTACACGCCAGTAGTACATTGGCACCGTGCTATAATATCACAGCCATGAGCAGTGGTTGTGCTAACCAGGAGATCCCTGTTATAGTCTTCCCACACGCAATTTTGCCAATCGTGGTTTGTAGCCAGGTGTCTATTTATGATCCTGTAATTGCCCACATACACAGCTCCAGATTGTTGCCCACATGGACCGGTGGTTTGCATTGCCGTAATTTCAGTACGGGACTCCGTTACGCCTGTTGGCTCAAAGTTGACGTTTCCTGCTTTCTGATATTGACATAGCCTTGGTGGTCTGGGAACCCACGTTTTCACGTGTTTGGGTTTAAAGTAAATGCGCACGGTGCTCACGATAGGACCTGGACTCCCATCATTTACGTGACGCATGTACAGGGTACCCATGTTATTCAAGGTGTTTATACCGTAAGTCCCTTGCTTGTCAAACCTAGCCCACCCGTCATAGAACATACTGTAAGCATTCCCAATACTAATGAATGGTATAGATATGCGTGGAGGAGCACTCCCCTCTGTCCAAAACACACTTGGGTTGGTTGATGTTTGCCAGCTGTAGCTGTTAATCTTAGTGGGCACCGGGCCTCCTGGGGGCACATACATTATTTGATGAGTTAACACAGGCGAGTCTTGACCTTGGATGGTGGATTGCTCTTGTGTGCTTGTTATCACAAATGTGAGTTCTAAGTCAAATCTGGCATACGTGAACATTTCTAATTTGCGGCGCAACTGCGCGACCTGTCTTGTGTTGATCACCCAGTAGGCGAAATTGTCTCCATCAGTACCATGGTTCTTGTAAGTTGTGTAATACACACACGCGGATCTACACAGAAAGTTCTCTACTGTGGATTCAGATCGCGAGTGATAATTTTTCACGTGCCTGGTTTGCATGGTGTCCGCTGGAACCACCTGGGATGTGTGCCCGGTTTCTGCTGCTGTTAGTGCTGGAATTGACTCTGAATTAACAGGACCACTGCTTATGGTATCAGCCACGCGAGCAATCGCTCGTTCGACGGCTTCCCCAGGCGGTCCTTGGAAAAAGTTGTCTTGCTTTATAAAAGGTGTGTCCTTTAACATCCTCACGGAGAAATCGTTGCATGCTGATACAAAACACAAGATTTTGCAATCACTTTGTGTATCAGCAGGTACCACGATATTTGTCTGGTACCAACAAGTAATGTACCCTCCAGCGGTATACTCGTCCACCACCACATATCTGTAGTGTGTTTGACTAATCCATGGGATGCATAACACACAGCTGGATTGCAACCCAACGTCCCAGATGACGTGTGTTCCAAGCATTGCTTCTTTCCTGGTTGTTGGTGCACCAGCACCAGGGGGCGAATAAGCCAGTAGAAACTTACCAGTAGCCATTGCAGACCCGCAAAACATGAATGTCAATTTAATGCTTCCTGACCAATGTGTGTAATAATTAAGGATCTCACCCAGGAGTGTTCTATTTAACACACTACTGGCGCCGGGGATGAGAGGAAACCCAAACACCTGTGAGCCATTAGTTGAGTTTGATTGTACAGGTATTTGGTACGCTTCAATTGATGTCACATTGCCCTCAGTGTTGTTAACTGGAACCACGGAATCAACTTCTGCAATCTCCATCAAGTTATTCACCTGCCCGGGAATTGCCATTTCTGGCGTCACGTCGAACTGTGGCATGGCGGAAGGCGACTGGAAGTCATCAGAGGTCAAAAACTGGTTGCTACCAGGTGTTAGCATTGTGGGTAACCCTTGTTTCCCTGCCAATCGCAAACCATTGTATTCTGCGCACATTGGTGCCACAGTCACCGTAATAGGCACGTAGGTGGTTGCGCCCGTGCTATAACTCAAGGGTGCAAAAGGTATAATCATTAGGGTGAAATTGTTGTGTCTGAACATATTATCCATTGGCACACTATTTATATATGGCATAACAATTGTGGCACTGTTGTTGGTTCGCAGGTTAATCCATTGATGTGGGAAAATGGTTAGGTTACCAACACCCACCCCCATACCTGCGTTAATAACATTGGCCTGCACGGCTGTTTGCCCGGTCGTGTTTTGTGAGTCAAATGTGTTGGCTGTTTCTCCATTACTCAGGCTCTTTTGGTCTGGCTTATTGGCTAAGGTCGCACAGCCCATCTCAGCCTCTGGCACACACACAACCAACAAACATCCTTGGTGGAACTTGGAGGCGTTGCACTGAACATGCACTGTGTATCCAGCTCTCCCTAAATAATGGTACTGCATGTTTTGCCCGAACAAGCCCATGTTTGAAAGGGCGTCCGGGAATTTCCACCACCATCCAGGTGAGCTCTGCTGCCACATCACAGACTCTAAGGTGTAGAATCTACATGTTGCCACATCTGGTTGAGTTGGTTGATCCTCTGCCGTGGCCTCCTCATCTTTGAGGTACGTGGGCCATGTGCCATACCCGACCACCACATTAGCACACTCCTGCGTGGTGATTGTTGAGTTTCCCAACGTGATGGATCTTACCCTGTCACTGTACCCACACTCCTCGGCAGTTGGCGAATTGAGGGCTGGCATTGACTTAATCATAATATCCTTTACTGGCTCTGTGAACTTACCTGGGTCCTGTGCAAATTCTTGCCGGTTAGCTGAATTAGACGCGGCATCCTTATAGTAGTTAATATTTGTGTAATGAATGATGGAATTGCCGCTAGCATTCACCCCGGTCTCGTGCGCTCCAGTTTTCTGCGTTGAAACCTGAGCTCCCATCTTGCTGTATTCAGTTGTATAATGAGTTGTAGTGTTTTAACTTCTTTTAGGCTGAGTGGTATAAATCCAACAAAGAGGTAAACAATAGCTCTATTAGACACTGGATGGCCAATCCAATAGCTATATGGCAACAATCTTTCAATTGTCACCATAAGCAGCCAGTATAAGAATAAAAGGAAACACGGACACCCAAAGTAGTCGGTTCCGCTGCAGAGTTGCCCGTTACGACACAATACCCCCTGGGTTGAGGGCATGTGCTCCGCAGTTAGGATTAGCCGCATTCAGGGGCCGGAGGACTACTAACTAGCTCAATCGACTCTTCGCACCATGTCCGCATTGAAGCGTCCTACGGGTTGCCCCGTAGGCAGGCCGCCAGCGCAGCCACCGCCACGGTCGCCCGTGGGGGACGCGGTGACTCATCGACCTGATCTACACTGGGGATGTGCTGAACGAAACGCCTCGCAACTTTCATGATACTACTGGGTTTCTCGAAGTAGTTAGCCGGGTGACGAACGTTTTCTCCTTCAACCGCGTGAGCAGTCTATTGATACTTGGTCCGGGGTTACAGGAGTGCTTGATCAAGACATAGCTGGTGTGCTATGCCCGCTATTGATCAGTGTGTACATCTTCTAAGTTGCAATTGGGAAAGGGGATATAAAACAGGCGCACAAAGGTACCGTGATACCAGAGTGCTAGCGCCCAGTGGGCCCTGTGGGTGGGTTCAACCCCCAGGCTG	EV77-_Lafeuille-VP1-AY208119-1	75.5	43.6	Human enterovirus 77 polyprotein gene, partial cds.	86.242	100.0	Viruses,ssRNA viruses,ssRNA positive-strand viruses, no DNA stage,Picornavirales,Picornaviridae,Enterovirus,Enterovirus B,Coxsackievirus B5	338068.3798	0.9277550667670845
HC3-ROM-8144-P4M1M2_S224	HC3	ROM	8144	P4M1M2	212584	142	212584	142	204052	140	204052	139	25	1	HC3-ROM-8144-P4M1M2_S224_NODE_1_length_7384_cov_111.612	7384	ATGCGGAGAATTTACCCCTACCGCACTTGCATCAAGTTCGGTTCATGCGGTAGGGTCAAGCCAATCGTGTTTGATTGTGCTCCAATTTTAAAAGGAGTCCAACCACTTCCTACGCAGTGTTGAAAATGCGGGAAGAGTCAAACAGCGCCCGACAGGCACGCTTCTGATCTTACGAATGAACTCCTCATATTCGTGCTCACCGTTGTGCCAAGCCAATAGGCACAGTGAGCGCACGTGGTCTTGTGTGTTTTTAGGGTCTTTGGTCCATCTAATGGATTCATGGATGTCCTTCATGGGCATGACGGGGTGAACTAGGAATGGGTATTGCTCATCTGCTCTGAAATACCTTTTCAGGAAGGTCACATTTGTCCATGTCACCTCATTGAAACATTCACCTTTGTCGGCTGGGGTCATAATCAATCCATAGTCTTTCCCTGCTTCGGCCAACAGTGAAGCATCAATGGGCCATGGGTAGGAAGCAATCACATCATCCCCATATGCTATCATTCTGAATTGGTCCAGATCGATGCCCTTATAGACTTTTAGCATTAGAGTCCTGATTATTATGTTGTTGATCATGGTGTTAAATATGCTGGTGCCCGAGCATCCTGACGGCATTCCGCCCCTCACAAAGTAGTGCTTATCCCTGTATAGGTGGTGGGAGTTACAGAGATAGTCTATATAGTTTGTTTCTTTATGTGAATACCCCAATTTTTCCAATAGGAGTTTCAGGCATGCAAACCACACTGGGCTGAGGCTGGCGTCATAACCTGAGTAATCAAAAGCTATAAGATGTCCATCTAGCATGACAGGGATTTTACTCCAAAACACATCCGGATCACACCCGACGGCACTACCTGTGACTATGCCCGGATTTAGGTGGAAGGTTTTGTATAAGTTTCCAAACGTTTGTCTCATTGCCACCGAATCGTTGAGGCTGGAAGCCTCAATAAGCCTCGACTTCCCTTTGGTTACTTTCTCAGCTGATCTCAACTCATCTTTAACATATGTTACCATCGGTAAATTCAAACCATACTTATCCATGCATTCCTTTAACTTGGTGAGATCCTTGGTCTTCTTTGAGAGAATATCCCTCTTCTTGATGCCCAGAGCCACATAGGGGTAGCCCGCACTGGTAGTTAGATCTAATGCTTCCAGTCCCTCTGTGCCATACACGGCATCTTCTAATTTCATGGGCTTAGTACTAATATCCAGCGTGGCTAATTGTCCTGCATAGTGATCTACAGCTTCCTGCATGTATTCATCCACGTGCGTGTTGACATTGCCAATGTATTTGGAGAAGATTGCCTCCTCAAAGTTAGCCTTGAGTCGTGGGTCTCCATTTCTAAGAACTGCTGGCTCCTTGTTGCCCTCGAAAACATGGTGGAAAACGCTTGGCTCCAACTTGGTTTTACTAGGGGTGTTAATCACCGGGAAACCTGCATCCTTCGAACTTTCAATGAACTCTATTTCACCTTGTTCCTCATTGAAATAATGCCTGAGGAGAGCAGCAGAGAAACCCTGGTGTCCGTTTCCTCCCACATGTATTCCGAGGACCTTTCCTGTTGACATGAGGACACCACCACACTGTCCAGCTCTAGTAGGGAAGTTATACATAAGCATCCTTTTTGTCGGGGTGCCACCCAAGTTCAAGAACCCGTAGTCAGTAACCTGGCCCACAGGGATGTACATGTTTGGAAATTTGCTAGTGTTTATTGCCAGGACTGCTTCATTCACCTCAACCTCTTCTTTTGCGAGGAAGCCTCTGATATCCCTAAATTTCTCGTTACGGTTGAGTTTCAGTAGTGTCAGCTCCAGGTTTGTGCCGTCCCTGTCAACCAGCTCCTTGGCGTCCAATACGCCAACCTCCTGGTCATTCATTAAAATGGTTGGTCCAGGTTTGGCATGGCGCGGCAACACGGCCCACCTGTCGTAGATGCCAAGCATTGTAAACTCACCATATTCAGTCTTCACTGTGCTGGCATTTCTTTTCATCATCGCCACGGCAAACTCGAATGCTGGGCCTTGTACTTTGGCTTGCCTCAAGGTGGGCACTTTGGGTTTCTGGTTGGGCATCCCGGTGTACGCACCCTGAAAGCCAGCAAACAACTTATAGATAATGTATATTATACCAGCCACTGAAACAAATGTGGTCAGCGCCTGCAAGCAAATAAATGCCCTACTGACATGCTTCTCAATTTGCAGAGTGGTATTGACTTCCGGTACAAGCCAACCCTTCTCCTTGCAGTACTCCCTTATTGCCTCGCTGTCTACGGATTTCAAGAGGTCAGCAATAGCTGGTGGAGGGGGCGTTTCGGGGGCCACACTGATTCTAATTTCTCTGTACACGGGTGGTCCTTGGAACAAGGCCTCAAGAGTGGCACCCACGCTGTGTCTGTGGTTGTACTCCCTGAACATCTCAGTAACTAGCATGTCCAGCGAATATCTAACTTGGGTCTTCCTGTCAATGAATTGAATGGCTTTGCCACACACCAATGGACAACACTTCTTGAAATTAGCTGGGCAGCACTCATCATCACATGTCGTAACAGACATGGGCATGTTAATTTTACCATTTTGACTATACATGGAGATCACCTCGATGTTCATGTCGAAATGGAATCTTCTGGCAAGTGCTCTGCTGTCTGACACTGTGGGCGCGTTAATGGACCCTGCATTGGTCGATGCCAACACGAAAGGGGACGTAAAGAGTATTCCTTTTTCTTCCAATGCCGCCATGGGCGGCACAAAATCCACACTGGATACCATCTGGCAAAACAGTGATACATCCTTTCCATCAGGATTTTGGCACAAATCGTCCATGATCACCACTGCTTGCTGTTTATACCCGTCAAAGTGGTCTGGGTCTGGTGGCAAGGAGTACACAGAACTGTTCAGTTTCTCTGCCAACGACCTCCCTATCAAATTGGTGGCCACTGATTTCCCAGCACCTGGGCTACCATGAAGAAGCAAGCATACAGGTTCAATACGGCATTTGGACTTGAACTGTATGTAATTGCTCATTTTCTTTTCTAGTGAGAACACCCTTTTTGCTTCAGCAGCATACAGGGGTGCGTACTTCCTACAGTAATGGGCGAAGTACTGGACGTTCGAAAAGAGCTGCTCTTGATCACTCTGTGAGGGTGCACTTTGCTCAATGGTGGCAATTTGACTTTCAAGGAGTGGCAGTTGTTTCAACCTGGTGAGGAACTCATGTTTCTCCTTCACTTCGGGCAGGATCTTTACTTTAAGCCACTCGATGAACTTTTGAATTTTAACGGCAATCCACTCCATGCCCTTGCAGGCGTTGGTCATTTCAGTGAATTTCTTTAACCAACCATTGTTCTGTCTCTCAGCCATGGGGATTCCGTAATATTGACACACTTTTTGTTTGAGCCACCGCCATGGAGACGATGTACAACCGATTAGAGCTAGTGTGGCAGTTACTGTAATCAGGTCATCGTGGTTCCTAACCACTATCACTAGGGCTGATATGATTTTAACCAGGGCCTTCAGGGATTTTTCTAGTATAGAATCCTGTCCTATCAAAGACTCTTTGAGGAGGTTGACTTGCTCACAAATCTGGTTAGTGAAGCCTGAGCCAAATGCATTTCCCAGTTGTTCTACGTAATCTCTAACACCCTGTTCCATGGCATCATCTTCCAACCACAAGAGGTCTCGCACGTCAGCGAAGCCTACTACACCCTCACCACCCATGGTAACGAGTCCGATGACACCGTGTTCACACCTCAAGATACCACCACAATCACCTGGTTCCGAAAATCCAGCTGCAAGGAGCACGTGCGATTGGTATTTCTCGGGGTAGTACTCACTCTCCTGAACTTTCACAAGACCTGGCCCCTCAAAACTCACTGGGTAGTGTTTGTTTCTAGATGCACAAAAGTACACGCCAGTAGTACATTGGCACCGTGCTATAGTGTCACAGCCATGAGCAGTGGTTGTACTAACCAGGAGATCCCTATTATAGTCCTCCCACACACAATTTTGCCAGTCGTGTCTTGTTGCCAGGTGTCTGTTTATAATCCTGTAATTACCCACATACACAGCTCCAGATTGTTGTCCACGTGGACCGGTGGTCTGCATCGCCGTAATTTCAGTACGGGACTCTGTCACCCCTGTTGGTTCAAAATTGACATTACCCGCTTTTTGATATTGACATAGCCTTGGTGGTCTGGGAACCCACGTCTTCACGTGTTTGGGTTTGAAGTAAATGCGCGCGGTGCTCACAATTGGACCTGGACTCCCATCATTCACGTGGCGCATATACAGAGTGCCCATGTTGTTCAAGGTGTTTATACCGTAGGTCCCTTGCTTGTCAAACCTAGCCCACCCATCATAAAACATACTGTAAGCATTTCCAATACTGATAAATGGTATAGATATGCGTGGAGGGGCACTCCCCTCTGTCCAAAACACACTTGGGTTAGTTGATGTTTGCCAGCTGTAGCTGTTAATCTTAGTGGGCACCGGGCCTCCTGGGGGCACATACATTATTTGATGAGTTAACACAGGTGAGTCTTGACCTTGGATAGTGGATTGTTCTTGTGTGCTTGTTATTACAAATGTGAGCTCTAGATCAAATCTGGCGTACGTGAACATTTCTAGTTTGCGGCGCAACTGCGCAACCTGTCTTGTGTTGATCACCCAATAGGCGAAATTGTCCCCATCAGTGCCATGGTTCTTGTAAGTTGTATAATACACGCACGCGGATCTACAGAGAAAGTTCTCTACTGTAGATTCAGATCGCGAGTGGTAATTCTTCACGTGCCTAGTTTGCATGGTGTCCGCTGGAATCACTTGGGATGTGTGCCCAGTTTCTGCTGCTGTTAGTGCTGGTATTGACTCTGAATTGACAGGGCCACTGCTTATAGTGTCAGCCACGCGAGCAATCGCTCGCTCAACAGCTTCCCCGGGTGGTCCTTGATAAAAGTTGTCTTGTTTTATGAAAGGTGTGTCCTTCAGCATCCTCACGGAAAAGTCATTGCATGCTGATACAAAACACAAGATTTTGCAGTCGCTTTGTGTATCAGCAGGTACCACGATATTTGTTTGGTACCAACATGTGATATACCCTCCAGCTGTATACTCGTCCACCACCACATATCTGTAATGTGTTTGACTGATCCATGGGATGCACAACACACAGCTGGACTGCAAACCAACATCCCAAATAACATGTGTTCCAAGCATTGCTTCTTTCCTGGTCGTTGGTGCCCCAGCACCGGGGGGTGAATATGCCAGTAGAAACTTGCCAGTAGCCATTGCAGAGCCGCAAAACATAAATGTCAATTTGATGCTTCCTGACCAATGTGTATAATAATTAAGGATCTCACCCAGGAGTGTCCTATTCAGCACACTACTGGCACCAGGGATAAGAGGAAACCCAAATACTTGTGAGCCATTAGTTGAGTTTGATTGCACGGGTATCTGGTATGCTTCAATTGAAGATACTTTGCCCTCGGTGTTGTTAACTGGAACCACCGAGTCAACCTCTGCAATCTCCATCAAATTATTCACCTGCCCAGGGATTGCCATTTCTGGCGTCACGTCGAACTGTGGCATGGCGGAAGGCGACTGGAAGTCATCAGAGGTCAAGAATTGGTTGCTACCAGGTGTTAGCATTGTGGGCAACCCTTGTCTCCCTGCCAATCGCAAACCATTGTATTCCGCACACATTGGTGCCACAGTCACCGTGATAGGCACGTAGGTGGTTGCGCCCGTGCTATAGCTTAAGGGTGCAAAAGGTATAATCATTAGGGTGAAATTGTTGTGTCTGAACATATTGTCCATTGGCACACTATTTATATACGGCATAACGATTGTGGCACTATTATTGGTTCGCAAGTTGATCCATTGATGTGGGAAAATAGTTAAGTTACCAACACCCACCCCCATGCCTGCATTAATGACGTTGGCCTGCACAGCTGTTTGTCCAGTCGTGTTTTGTGAGTCAAACGTGTTGGCTGTTTCCCCATTACTCAAGCTCTTCTGATCTGGCTTGTTGGCTATGGTTGCACAGCCCATCTCAGCCTCTGGCACACACACAACCAACAAACATCCTTGGTGGAATTTGGAGGCGTTACACTGTACATGCACAGTATATCCAGCTCTACCCAAATAATGGTACTGCATGTTTTGTCCGAACAAGCCCATGTTTGAAAGGGCGTCCGGGAATTTCCACCACCATCCAGGTGAGCTCTGCTGCCACATCACGGACTCTAAGGTGTAAAACCTACAAGTTGCCACATCTGGCTGAGTTGGTTGATCCTCTGCCGTAGCCTCTTCATCTTTGAGATACGTAGGCCACGTACCATACCCGACCACCACATTAGCACACTCCTGTGTGGTGATTGTTGAGTTTCCCAGCGTGATGGATCTTACCCTGTCACTGTACCCACACTCCTCGGCAGATGGTGAATTGAGGGCCGGCATTGACTTAATCATAATATCCTTTACTGGTTCTGTGAACTTACCTGGGTCCTGAGCAAATTCCTGCCGGTTAGCCGAGTTAGACGCGGCATCCTTATAGTAGTTGATGTTTGTGTAGTGAATGATGGAATTTCCACTAGCGCTCACCCCGGTCTCATGTGCCCCAGTTTTTTGTGTTGAAACCTGAGCTCCCATTTTGCTGTGTTCAGTTGTATAATGAGTTGTAGTGTCTCAACTTCTTTTAGGTTGAGTGGTATAAATCCAACGAAGAGGTAAATAATAGCTCTGTTAGACACTGGATGGCCAATCCAATAGCTATATGGTAACAATCTTTCAATTGTCACCATAAGCAGCCAGTATGAGAATAAAAAGGAAACACGGACACCCAAAGTAGTCGGTTCCGCTGCAGAGTTGCCCGTTACGACACAATACCCCCTGGGTTGAGGGCATGTGCTCCGCAGTTAGGATTAGCCGCATTCAGGGGCCGGAGGACTACTAACTAGCTCAATCGACTCTTCGCACCATGTCTGCATTGAAGCGTCCTACGGGTTGCCCCGTAGGCAGGCCGCCAGCGCAGCCACCGCCACGGTCGCCCGTGGGGGACGCGGTGACTCATCGGCCTGATCTACACTGGGGATGTGCTGAACGAAACGCCTCGCAACTTTCATGATACTACTGGGTTTCTCGAAGTAGTTAGCCGGATGACGAACGTTTTCTCCTTCAACCGCGCGAGCAGTCTATTGATACTTGGTCCGGGGGAAACAGGAGTGCTTGATCAAGACATAGCTGGTGTGCTACGCCCGCTATTGATCAGTGTGTACATCTTCTAAGTTGCAATTAGGGAAAGGGGATATAAAACAGGCGCACAAAGGTACCGTAATACCGGAGTGCTAGCGCCCAGTGGGCCCTGTGGGTGGGTTCAACCCCCAGGCTG	E6-MAD-3224-11-VP1-KR232735	69.7	93.8	Echovirus E6 isolate MAD3224-11 polyprotein gene, partial cds.	84.122	100.0	Viruses,ssRNA viruses,ssRNA positive-strand viruses, no DNA stage,Picornavirales,Picornaviridae,Enterovirus,Enterovirus B,Coxsackievirus B5	403118.808513	0.9901233200209735
SWG1-ROM-188423-P3M1M4_S220	SWG1	ROM	188423	P3M1M4	150799	143	150799	143	144583	141	144583	140	20	0
SWG5-ROM-174801-P3M1M4_S221	SWG5	ROM	174801	P3M1M4	289584	145	289584	145	278248	143	278248	141	42	1	SWG5-ROM-174801-P3M1M4_S221_NODE_1_length_7378_cov_135.596	7378	AGCTTGGGGGTTGTTCCCACCCACAGGGCCCACTGGGCGTTAGCACACTGGTATCACGGTACCCTTGTGCGCCTGTTTTATACACCCTTCCCCAAAAGGAACTTAGAAGCTGGACTATGACGGTCAATAGGAGACCCAGTACACCAACTGGGTCACGACCAGGCACTTCTGTAACCCCGGACTGAGTATCAATATGCTGCTCACGCGGCTGAAGGAGAAAACGTTCGTTACCCGGCCAATTACTTCGAGAAACCTAGTACCACCATGAAAGTTGCGCGGCGTTTCGCTCCGCACAACCCCAGTGTAGATCAGGTCGATGAGCCACCGCATTCCCCACGGGTGACCGTGGCGGTGGCTGCGCTGGCGGCCTGCCCATGGGGCAACCCATGGGACGCTTCAATACTGACATGGTGTGAAGAGTCTATTGAGCTAATTGGTAGTCCTCCGGCCCCTGAATGCGGCTAATCCTAACTGCGGAGCAGATACCCACATACCAGTGGGCAGTCTGTCGTAACGGGTAACTCTGCAGCGGAACCGACTACTTTGGGTGTCCGTGTTTCCTTTTATTCCTATACTGGCTGCTTATGGTGACAATTGAGAAATTGTTACCATATAGCTGTTGGATTGGCCATCCGGTGTCTAACAGAGCAATTATTTATCTGTTTGTTGGATTCATACCCTTGAATTTTAAAGTCCTCAACACTCTTTACTTTGTGCTACAACTAAACTCGGCAAAATGGGAGCTCAGGTCTCAACCCAAAAGACAGGGGCACACGAGACTAGTCTGAGTGCTAGTGGTAACTCAATTATCCATTACACCAATATAAATTACTACAAAGATGCTGCATCGAATTCGGCAAACAGGCAGGATTTCACTCAGGACCCCAGCAAGTTCACAGAACCAGTCAAGGATGTTATGATAAAGTCATTACCAGCACTCAACTCACCGACTGTGGAGGAGTGCGGGTATAGTGACAGGGTTAGATCAATAACACTAGGAAATTCAACCATAACAACACAGGAGTGTGCTAACGTCGTAGTGGGTTATGGTGTGTGGCCTGACTATCTTAGTGATGAGGAGGCGACAGCAGAGGATCAACCCACCCAACCAGATGTCGCAACATGCAGGTTCTACACGTTGAACTCAGTGAAATGGGAGATGCAATCAGCAGGGTGGTGGTGGAAGTTCCCGGATGCATTATCAGAAATGGGTCTTTTCGGACAAAACATGCAATACCATTATCTTGGCAGATCGGGATACACGATTCACGTACAGTGTAACGCTTCCAAATTTCACCAGGGATGTCTACTGGTCGTGTGTGTACCAGAAGCCGAAATGGGATGCACTAATGTCGAAAATGCACCAACGTATGGTGATTTATGCGGTGGGGAGACAGCGAAGCAGTTTGAACAGAATGCTGCCACAGGCGAAACTGCAGTTCAGACGGCAGTGTGCAATGCAGGTATGGGCGTGGGAGTTGGCAACCTGACTATATACCCACACCAATGGATTAATCTGAGGACTAACAACAGTGCCACCATTGTAATGCCCTATGTCAACAGTGTCCCAATGGATAATATGTTTAGACACAACAACTTTACACTGATGATAATACCATTTGCACCATTAGATTATGTTACTGGGGCATCCTCATACATCCCTATCACCGTAACAGTTGCCCCAATGAGCGCTGAATACAACGGGTTGCGGCTGGCCGGTCATCAAGGCCTACCAACCATGCTCACACCAGGTAGCACACAATTTTTGACCTCGGATGACTTCCAGTCCCCTTCAGCAATGCCACAGTTCGATGTGACTCCTGAAATGAACATCCCAGGGCAAGTTAGAAACTTAATGGAGATAGCAGAAGTTGACTCTGTGGTGCCACTCAACAATCTGAAAGCTAATTTGAAAACCATGGAAGCTTACAGGGTTCAAGTGAGATCTACGGACGAGATGGGTGGTCAGATATTTGGGTTCCCTCTACAACCAGGAGCATCAAGCGTGCTGCAGCGAACATTACTGGGGGAAATATTAAATTACTACACACACTGGTCAGGGAGTCTGAAGTTGACGTTCGTGTTCTGTGGTTCAGCCATGGCTACTGGAAAGTTCTTGCTTGCCTATTCACCACCTGGCGCAGGAGCCCCAGATAGCAGGAAAAATGCAATGCTGGGAACACACGTCATATGGGATGTTGGACTACAATCCAGTTGCGTGCTCTGCGTACCATGGATTAGCCAAACACACTACAGATACGTGGTGGATGATAAATACACGGCCAGTGGGTTCATATCATGTTGGTACCAGACTAATGTCATCGTTCCAGCAGAAGCACAGAAATCGTGTTACATAATGTGTTTTGTGTCGGCTTGCAACGACTTCTCTGTTCGCATGTTAAGGGACACGCAATTTATCAAACAGGATAACTTTTATCAAGGACCAACAGAAGACTCGGTGGAGCGTGCAATGGGCAGGGTCGCGGACACAATTGCTAGAGGCCCATCAAACTCTGAACAAATCCCCGCCCTGACGGCAGTGGAAACAGGACACACATCACAGGTTGATCCAAGTGACACCATGCAAACCAGGCACGTGCACAACTATCACTCAAGGTCTGAGTCATCAATTGAGAACTTCTTGTGTAGATCTGCATGTGTAATTTACATCAAATATTCAAGCGCTGAGTCTAACAACTTAAAGCGCTATGCAGAGTGGGTTATTAACACAAGACAGGTGGCACAGCTGCGACGGAAAATGGAAATGTTCACATACATTCGCTGTGACATGGAATTGACATTCGTTATAACCAGCCACCAGGAGATGTCCACAGCCACCAATTCAGATGTCCCAGTTCAAACGCACCAAATAATGTACGTGCCACCTGGAGGCCCTGTGCCAACATCAGTAAATGACTATGTGTGGCAAACGTCAACCAACCCTAGTATTTTCTGGACAGAAGGCAATGCACCGCCAAGAATGTCTATACCGTTCGTGAGTATAGGCAATGCATATACGATGTTCTATGACGGTTGGTCAAATTTCTCCAGAGATGGTATATATGGTTACAACTCACTGAACAACATGGGGACTATCTATGCGCGCCATGTTAATGATTCCAGTCCTGGCGGCTTAACCAGCACCATCCGCATATACTTCAAACCAAAACATGTCAAGGCGTACGTGCCGCGCCCACCACGCTTGTGCCAATACAAGAAAGCCAAGAACGTGAATTTTGATGTTGAAGCCATCACCACTGAACGTGCAAATTTGGTTACCACTGGCCCATGTGGACAACAGTCTGGAGCTGTGTATGTAGGCAATTACAGAATCATAAACAGACACTTAGCAACAATTTTTGATTGGCAAAATTGCGTGTGGGAAGACTACAACAGAGACCTTCTAGTTAGCACAACTACCGCCCACGGGTGTGACATTATCGCAAGGTGTCAATGCACATCTGGTGTTTACTTCTGTGCATCCAGAAACAAGCACTATCCCGTGATTTTTGAAGGCCCAGGTTTGGTGGAAGTTCAAGAAAGTGAATATTACCCCAAAAGGTACCAGTCACATGTACTGTTAGCTGCGGGTTTCTCGGAGCCAGGTGACTGTGGTGGAATTTTGAGGTGTGAACACGGTGTCATCGGCATAGTGACAATGGGTGGTGAAGGCGTTGTTGGTTTCGCCGACGTACGCGACCTTCTGTGGCTAGAAGACGATGCCATGGAGCAAGGTGTCAAGGACTATGTTGAACAGCTTGGTAATGCTTTCGGGTCTGGCTTCACTAACCAAATTTGCGAACAAATCAACCTCCTAAAGGAATCACTAGTTGGGCAAGATTCTATCCTAGAGAAGTCACTCAAAGCCCTGGTCAGGATCATTTCAGCATTGGTTATAGTGGTGAGAAATCATGATGACTTGATTACAGTGACTGCTACACTTGCACTAATTGGTTGTACCTCGTCTCCATGGCGATGGCTTAAGCAAAAAGTGTCACAGTACTATGGAATCTCCATGGCTGAGAGGCAAAACAACAGTTGGTTGAAGAAGTTCACTGAAATGACCAACGCTTGTAAGGGTATGGAGTGGATAGCCATCAAGATCCAGAAGTTCATTGAGTGGTTAAAGGTGAAGATTTTGCCGGAGGTAAAGGAAAAGCATGAGTTTTTAAACAGGCTAAAACAACTGCCTCTGTTGGAAAGTCAGATTGCCACTATTGAGCAGAGCGCACCTTCACAAAGTGATCAGGAACAACTCTTCTCCAACGTCCAGTACTTCGCACACTACTGCAGAAAATATGCTCCTTTGTATGCAGCTGAGGCAAAAAGAGTGTTCTCCCTAGAAAAGAAAATGGGCAATTACATACAGTTCAAGTCCAAATGCCGTATTGAACCTGTCTGTTTACTGCTCCATGGTAGCCCCGGGGCTGGGAAATCTGTGGCAACCAACCTGATCGGGCGTTCACTCGCAGAGAAACTCAATAGCTCAGTGTACTCTCTACCGCCAGACCCCGACCACTTTGACGGCTATAAACAACAGGCTGTCGTCATCATGGATGATTTATGTCAGAACCCAGACGGGAAAGATGTGTCACTGTTTTGCCAGATGGTATCCAGCGTGGACTTTGTCCCACCAATGGCAGCACTGGAGGAGAAAGGCATACTTTTCACCTCACCATTCGTCCTTGCCTCTACTAATGCAGGGTCTATTAATGCCCCAACCGTGTCAGATAGTAGAGCCCTGGCAAGGAGGTTCCATTTTGACATGAATATTGAAGTCATCTCGATGTATAGCCAAAATGGTAAAATCAACATGCCAATGTCGGTAAAAACATGTGACGACGAGTGCTGTCCCGTCAACTTCAAGAAATGTTGTCCACTTGTATGTGGCAAAGCCATCCAGTTCATTGACAGGAGGACTCAGGTGAGATACTCACTGGATATGCTTGTGACCGAGATGTTTAGGGAGTACAACCACAGGCACAGTGTGGGGGCAACGCTTGAAGCTCTCTTCCAAGGCCCACCAGTGTACAGAGAGATCAAAATCAGTGTTGCACCAGAAACCCCTCCCCCACCAGCTATCGCTGACTTGTTAAAGTCAGTAGATAGTGAGGTAGTCAGGGAGTACTGTAAGGAAAAGGGATGGTTAGTACCTGAAGTCAACTCCACTCTGCAAATCGAAAAACATGTGAGCAGGGCTTTCATTTGTTTACAAGCGATCACCACATTTGTTTCCGTGGCAGGGATTATATACATCATATACAAACTGTTCGCGGGTTTCCAAGGGGCTTATACTGGTATGCCCAACCAAAAACCTAAAGTGCCAACTTTGAGACAGGCCAAAGTGCAAGGACCAGCATTTGAATTCGCAGTGGCAATGATGAAAAGAAATGCCAGTACCGTGAAGACCGAGTACGGTGAGTTCACTATGCTTGGCATATATGACAGATGGGCAGTATTGCCCCGCCATGCTAAACCTGGACCCACCATCCTAGTGAATGACCAGGAGGTAAGTGTGGTGGATGCTAAAGAACTAGTGGATAAAGATGGAACCAACTTGGAATTAACACTTTTAAAGCTCAACAGAAATGAGAAGTTTAGAGACATCCGGGGCTTCCTAGCAAAAGAGGAGGCAGAGGTCAATGAGGCTGTGCTTGCTATCAACACCAGTAAGTTTCCAAATATGTATATTCCAGTGGGTCAGGTGACGGACTATGGTTTTCTTAACCTGGGTGGGACCCCTACTAAGCGCATGTTAATGTATAACTTCCCAACTCGTGCAGGGCAGTGCGGTGGTGTCCTAATGTCAACAGGAAAGGTTCTTGGGATACATGTCGGTGGAAATGGGCATCAAGGGTTCTCAGCAGCCCTGTTGCGCCACTATTTCAATGATGAGCAGGGAGAAATTGAGTTCATCGAAAGCTCCAAGGAAGCTGGTTTCCCAGTCATTAACACTCCAAGCAAAACAAAGCTCGAACCTAGTGTCTTCTATCACGTGTTTGAGGGGAACAAAGAGCCAGCAGTGTTAAGAAATGGGGACCCAAGGTTGAAGGCCAACTTTGAAGAGGCCATTTTCTCCAAGTACATTGGAAATGTGAACACACATGTGGATGAGTACATGATGGAAGCGGTTGACCATTACGCAGGACAATTGGCGACTTTGGACATCAGCACGGAACCTATGAAATTAGAAGATGCTGTCTATGGCACTGAAGGTTTGGAGGCTCTAGATCTGACCACAAGTGCAGGGTACCCCTATGTTGCTCTTGGTATCAAAAAGAGAGACATCTTATCTAAGAAGACTAAGGATTTAACAAAACTCAAAGAATGCATGGACAAGTATGGCCTAAATCTTCCCATGGTCACTTATGTAAAGGATTAACTGAGGTCTGCAGAGAAGGTGGCGAAGGGCAAATCCAGGTTAATTGAGGCATCAAGCTTAAACGACTCAGTGGCCATGAGACAGACTTTTGGAAATCTGTATAAAACCTTCCACCTGAACCCGGGCATAGTGACAGGCAGTGCAGTTGGATGTGATCCCGATTTCTTCTGGAGTAAAATCCCAGTCATGCTTGACGGTCATCTCATTGCTTTTGATTACAGCGGTTACGATGCTAGCTTAAGTCCAGTGTGGTTCGCATGCTTGAAGCTATTATTGGAGAAGTTGGGATACACGCATAAAGAAACCAACTATATAGATTACCTATGCAACTCCCACCATTTATACAGAGACAAACACTATTATGTAAGAGGGGGGATGCCATCTGGGTGTTCAGGCACCAGCATTTTCAATTCGATGATTAATAATATTATCATCAGAACACTAATGTTAAAGGTGTATAAGGGGATAGACCTGGACCAATTTAGGATGATAGCATATGGAGACGATGTCATTGCGTCGTATCCACACCCTATCGACGCCGCCCTGCTGGCAGAAGCAGGGAAAGGGTATGGCCTGATCATGACACCAGCTGACAAAGGGGAGTGTTTCAATGAAGTGACATGGACCAACGTCACCTTTCTGAAAAGGTACTTCAGAGCAGATGAGCAATATCCTTTCCTTGTCCATCCTGTGATGCCAATGAAAGACATCCATGAATCTATCAGATGGACTAAGGATCCCAAAAACACACAAGATCACGTGCGATCCTTGTGCTTATTGGCATGGCACAATGGAGAGCGAGAGTACGAGGAGTTTGTGTCCAAAATCAGAAGCGTCCCAGTCGGGCGCTGTTTGACTTTACCTGCGTTCTCAACTTTACGCAGAAAATGGCTAGACTCCTTTTAAATTAGAGTGCAATTTGACACAATTCAATTGGCTTAACCCTACCACACTCACCGAACTAGACAACGGTGTGGTAGGGGTAAATTCTCCGCA	CV-B4-MAD-3983-11-VP1-KR232756	92.6	99.9	Coxsackievirus B4 isolate MAD3983-11 polyprotein gene, partial cds.	91.261	99.0	Viruses,ssRNA viruses,ssRNA positive-strand viruses, no DNA stage,Picornavirales,Picornaviridae,Enterovirus,Enterovirus B,Coxsackievirus B4	535586.906649	0.9900070918652513
HC8-ROM-8160-P3M1M4_S228	HC8	ROM	8160	P3M1M4	217075	149	217075	149	210346	145	210346	143	35	0
HC2-ROM-8143-P3M1M4_S223	HC2	ROM	8143	P3M1M4	162884	148	162884	148	97185	146	97185	143	197	0
SWG3-ROM-189149-P3M1M4_S202	SWG3	ROM	189149	P3M1M4	164338	148	164338	148	159984	146	159984	144	36	0
HC4-ROM-8145-P4M1M2_S225	HC4	ROM	8145	P4M1M2	1576616	147	1576616	147	1521768	144	1521768	142	366	1	HC4-ROM-8145-P4M1M2_S225_NODE_1_length_3895_cov_408.177	3895	GGCTGATATGATTTTAACCAGGGCCTTCAGGGATTTTTCTAATATGGAATCCTGCCCTATCAGGGACTCCTTGAGGAGGTTAACTTGCTCACAGATCTGGTTAGTGAAACCTGAACCAAATGCATTTCCCAGTTGTTCTACATAATCTTTAACACCCTGCTCCATGGCATCGTCCTCCAACCACAAGAGGTCTCGCACGTCAGCGAAGCCTACTACACCCTCACCACCCATGGTAACGAGCCCAATAACTCCATGTTCACACCTCAAGATACCTCCACAATCACCCGGTTCTGAGAATCCAGCTGCAAGAAGTACATGCGACTGGTATCTCTCGGGGTAGTACTCACTCTCTTGAACTTTCACTAGGCCTGGACCCTCGAAGCTTACTGGGTAGTGCTTATTTCTGGATGCACAAAAGTACACGCCAGTAGTACATTGGCACCGTGCTATAATATCACAGCCATGAGCAGTGGTTGTGCTAACCAGGAGATCCCTGTTATAGTCTTCCCACACGCAATTTTGCCAATCGTGGTTTGTTGCCAGGTGTCTGTTTATGATCCTGTAATTGCCCACATACACAGCTCCAGATTGTTGCCCACATGGACCGGTGGTTTGCATTGCCGTAATTTCAGTACGGGACTCCGTTACGCCTGTTGGTTCAAAGTTGACGTTTCCTGCTTTCTGATATTGACATAGCCTTGGTGGTCTGGGAACCCACGTTTTCACGTGTTTGGGTTTGAAGTAAATGCGCACGGTGCTCACGATAGGACCTGGACTCCCATCATTTACGTGACGCATGTACAGGGTGCCCATGTTATTCAAGGTGTTTATACCGTAAGTCCCTTGCTTGTCAAACCTAGCCCACCCGTCATAGAACATACTGTAAGCATTCCCAATACTAATGAATGGTATAGATATGCGTGGAGGGGCACTCCCCTCTGTCCAAAACACACTTGGGTTGGTTGATGTTTGCCAGCTGTAGCTGTTAATCTTAGTGGGCACCGGGCCTCCTGGGGGCACATACATTATTTGATGAGTTAACACAGGCGAGTCTTGACCTTGGATGGTGGATTGCTCTTGTGTGCTTGTTATCACAAATGTGAGTTCTAAGTCAAATCTGGCATACGTGAACATTTCTAATTTGCGGCGTAACTGCGCGACCTGTCTTGTGTTGATCACCCAGTAGGCGAAATTGTCTCCATCAGTACCATGGTTCTTGTAAGTTGTGTAATACACACACGCGGATCTACACAGAAAGTTCTCTACTGTGGATTCAGATCGCGAGTGATAATTTTTCACGTGCCTGGTTTGCATGGTGTCCGCTGGAACCACCTGGGATGTGTGCCCGGTTTCTGCTGCTGTTAGTGCTGGAATTGACTCTGAATTAACAGGACCACTGCTTATGGTATCAGCCACGCGAGCAATCGCTCGTTCGACGGCTTCCCCAGGCGGTCCTTGGAAAAAGTTGTCTTGCTTTATAAAAGGTGTGTCCTTTAACATCCTCACGGAGAAATCGTTGCATGCTGATACAAAACACAAGATTTTGCAATCACTTTGTGTATCAGCAGGTACCACGATATTTGTCTGGTACCAACAAGTAATGTACCCTCCAGCGGTATACTCGTCCACCACCACATATCTGTAGTGTGTTTGACTAATCCATGGGATGCATAACACACAGCTGGATTGCAACCCAACGTCCCAGATGACGTGTGTTCCAAGCATTGCTTCTTTCCTGGTTGTTGGTGCACCAGCACCAGGGGGCGAATAAGCCAGTAGGAACTTACCAGTAGCCATTGCAGACCCGCAAAACATGAATGTCAATTTAATGCTTCCTGACCAATGTGTGTAATAATTAAGGATCTCACCCAGGAGTGTTCTATTTAACACACTACTGGCGCCGGGGATGAGAGGAAACCCAAACACCTGTGAGCCATTAGTTGAGTTTGATTGTACAGGTATTTGGTACGCTTCAATTGATGTCACTTTGCCCTCAGTGTTGTTAACTGGAACCACGGAATCAACTTCTGCAATCTCCATCAAGTTATTCACCTGCCCAGGAATTGCCATTTCTGGCGTCACGTCGAACTGTGGCATGGCGGAAGGCGACTGGAAGTCATCAGAGGTCAAAAACTGGTTGCTACCAGGTGTTAGCATTGTGGGTAACCCTTGTTTCCCTGCCAATCGCAAACCATTGTATTCTGCGCACATTGGTGCCACAGTCACCGTGATAGGCACGTAGGTGGTTGCGCCCGTGCTATAACTCAAGGGTGCAAAAGGTATAATCATTAGGGTGAAATTGTTGTGTCTGTACATATTATCCATTGGCACACTATTTATATATGGCATAACAATTGTGGCACTGTTGTTGGTTCGCAGGTTAATCCATTGATGTGGGAAAATGGTTAGGTTACCAACACCCACTCCCATACCTGCGTTAATAACATTGGCCTGCACGGCTGTTTGCCCGGTCGTGTTTTGTGAGTCGAATGTGTTGGCTGTTTCTCCATTACTCAGGCTCTTTTGGTCTGGCTTATTGGCTATGGTCGCACAGCCCATCTCAGCCTCTGGCACACACACAACCAACAAACATCCTTGGTGGAACTTGGAGGCGTTGCACTGAACATGCACTGTGTATCCAGCTCTCCCTAAATAATGGTACTGCATGTTTTGCCCGAACAAGCCCATGTTTGAAAGGGCGTCCGGGAATTTCCACCACCATCCAGGTGAGCTCTGCTGCCACATCACAGACTCTAAGGTGTAGAATCTACATGTTGCCACATCTGGTTGAGTTGGTTGATCCTCTGCCGTGGCCTCCTCATCTTTGAGGTACGTGGGCCATGTGCCATACCCGACCACCACATTAGCACACTCCTGCGTGGTGATTGTTGAGTTTCCCAACGTGATGGATCTTACCCTGTCACTGTACCCACACTCCTCGGCAGTTGGCGAATTGAGGGCTGGCATTGACTTAATCATAATATCCTTTACTGGCTCTGTGAACTTACCTGGGTCCTGTGCAAATTCTTGCCGGTTAGCTGAATTAGACGCGGCATCCTTATAGTAGTTAATATTTGTGTAATGAATGATGGAATTGCCGCTAGCATTCACCCCGGTCTCGTGCGCTCCAGTTTTCTGCGTTGAAACCTGAGCTCCCATCTTGCTGTATTCAGTTGTATAATGAGTTGTAGTGTTTTAACTTCTTTTAGGCTGAGTGGTATAAATCCAACAAAGAGGTAAACAATAGCTCTATTAGACACTGGATGGCCAATCCAATAGCTATATGGCAACAATCTTTCAATTGTCACCATAAGCAGCCAGTATAAGAAAAAAAGGAAACACGGACACCCAAAGTAGTCGGTTCCGCTGCAGAGTTGCCCGTTACGACACAATACCCCCTGGGATGAGGGCATGTGCTCCGCAGTTAGGATTAGCCGCATTCAGGGGCCGGAGGACTACTAACTAGCTCAATCGACTCTTCGCACCATGTCCGTATTGAAGCGTCCTACGGGTTGCCCCGTAGGCAGGCCGCCAGCGCAGCCACCGCCACGGTCGCCCGTGGGGGACGCGGTGACTCATCGACCTGATCTACACTGGGGATGTGCTGAACGAAACGCCTCGCAACTTTCATGATACTACTGGGTTTCTCGAAGTAGTTAGCCGGGTGACGAACGTTTTCTCCTTCAACCGCGTGAGCAGTCTATTGATACTTGGTCCGGGGGTACAGGAGTGCTTGATCAAGACATAGCTGGTGTGCTATGCCCGCTATTGATCAGTGTGTACATCTTCTAAGTTGCAATTGGGAAAGGGGATATAAAACAGGCGCACAAAGGTACCGTGATACCAGAGTGCTAGCGCCCAGTGGGCCCTGTGGGTGGGTTCAACCCCCAGGCTG	EV77-_Lafeuille-VP1-AY208119-1	75.5	43.6	Human enterovirus 77 polyprotein gene, partial cds.	87.596	99.0	Viruses,ssRNA viruses,ssRNA positive-strand viruses, no DNA stage,Picornavirales,Picornaviridae,Enterovirus,Enterovirus B,Coxsackievirus B5	467395.16634	0.25276845777114926
HC5-ROM-8150-P3M1M4_S226	HC5	ROM	8150	P3M1M4	2417794	149	2417794	149	2337028	146	2337028	144	1499	4	HC5-ROM-8150-P3M1M4_S226_NODE_736_length_77_cov_7.27273	77	GCGCATTTACTTCAAACCCAAACACGTGAAGACGTGGGTTCCCAGACCACCAAGGATATGTCAATATCAAAAAGCGG	E6-MAD-3250-11-VP1-KR232742	94.7	4.4	Echovirus E6 isolate MAD3250-11 polyprotein gene, partial cds.	95.946	96.0	Viruses,ssRNA viruses,ssRNA positive-strand viruses, no DNA stage,Picornavirales,Picornaviridae,Enterovirus,Enterovirus B,Coxsackievirus B5	16.0000205525	3.4320041597403698e-06
HC5-ROM-8150-P3M1M4_S226	HC5	ROM	8150	P3M1M4	2417794	149	2417794	149	2337028	146	2337028	144	1499	4	HC5-ROM-8150-P3M1M4_S226_NODE_4_length_1541_cov_554.869	1541	GCGCAACCACCTACGTGCCTATCACGGTGACTGTGGCACCAATGTGTGCGGAATACAATGGTTTGCGATTGGCAGGGAGACAAGGGTTGCCCACAATGCTAACACCTGGTAGCAACCAATTCTTGACCTCTGATGACTTCCAGTCGCCTTCCGCCATGCCACAGTTCGACGTGACGCCAGAAATGGCAATCCCTGGGCAGGTGAATAATTTGATGGAGATTGCAGAGGTTGACTCGGTGGTTCCAGTTAACAACACCGAGGGCAAAGTATCTTCAATTGAAGCATACCAGATACCCGTGCAATCAAACTCAACTAATGGCTCACAAGTATTTGGGTTTCCTCTTATCCCTGGTGCCAGTAGTGTGCTGAATAGGACACTCCTGGGTGAGATCCTTAATTATTATACACATTGGTCAGGAAGCATCAAATTGACATTTATGTTTTGCGGCTCTGCAATGGCTACTGGCAAGTTTCTACTGGCATATTCACCCCCCGGTGCTGGGGCACCAACGACCAGGAAAGAAGCAATGCTTGGAACACATGTTATTTGGGATGTTGGTTTGCAGTCCAGCTGTGTGTTGTGCATCCCATGGATCAGTCAAACACATTACAGATATGTGGTGGTGGACGAGTATACAGCTGGAGGGTATATCACATGTTGGTACCAGACAAATATCGTGGTACCTGCTGATACACAAAGCGACTGCAAAATCTTGTGTTTTGTATCAGCATGCAATGACTTTTCCGTGAGGATGCTGAAGGACACACCTTTCATAAAACAAGACAACTTTTTCCAAGGACCACCCGGGGAAGCTGTTGAGCGAGCGATTGCTCGCGTGGCTGACACTATAAGCAGTGGCCCTGTCAATTCAGAGTCAATACCAGCACTAACAGCAGCAGAAACTGGGCACACATCCCAAGTGATTCCAGCGGACACCATGCAAACTAGGCACGTGAAGAATTACCACTCGCGATCTGAATCTACAGTAGAGAACTTTCTCTGTAGATCCGCGTGCGTGTATTATACAACTTACAAGAACCATGGCACTGATGGGGACAATTTCGCCTATTGGGTGATCAACACAAGACAGGTTGCGCAGTTGCGCCGCAAACTAGAAATGTTCACGTACGCCAGATTTGATCTAGAGCTCACATTTGTAATAACAAGCACACAAGAACAATCCACTATCCAAGGTCAAGACTCACCTGTGTTAACTCATCAAATAATGTATGTGCCCCCAGGAGGCCCGGTGCCCACTAAGATTAACAGCTACAGCTGGCAAACATCAACTAACCCAAGTGTGTTTTGGACAGAGGGGAGTGCCCCTCCACGCATATCTATACCATTTATTAGTATTGGAAATGCTTACAGTATGTTTTATGACGGGTGGGCTAGGTTTGACAAGCAAGGGACCTATGGTATAAACACCTTGAACAACATGGGCACTCTGTATATGCGCCACGTGAATGATGGGAGTCCAGGTCCAATTGTGAGCACCGCGCGCATTTACTTCAAACCCAAACACGTGAAGACGTGGGTT	E6-MAD-3224-11-VP1-KR232735	69.7	85.2	Echovirus E6 isolate MAD3224-11 polyprotein gene, partial cds.	90.584	99.0	Viruses,ssRNA viruses,ssRNA positive-strand viruses, no DNA stage,Picornavirales,Picornaviridae,Enterovirus,Enterovirus B,Coxsackievirus B5	37040.7409664	0.007945238361377432
HC5-ROM-8150-P3M1M4_S226	HC5	ROM	8150	P3M1M4	2417794	149	2417794	149	2337028	146	2337028	144	1499	4	HC5-ROM-8150-P3M1M4_S226_NODE_50_length_554_cov_521.24	554	AATTGTGAGCACCGCGCGCATTTACTTCAAACCCAAACACGTGAAGACGTGGGTTCCCAGACCACCAAGGCTATGTCAATATCAAAAAGCGGGTAATGTCAATTTTGAACCAACAGGGGTGACAGAATCCCGTACTGAAATTACGGCGATGCAGACCACCGGTCCATGTGGACAACAATCTGGAGCTGTGTATGTGGGTAATTACAGTATTATAAACAGACACCTGGCAACAAGACACGACTGGCAAAATTGTGTGTGGGAGGACTATAATAGGGATCTCCTGGTTAGCACAACCACTGCTCATGGCTGTGACACTATAGCACGGTGCCAATGTACTACTGGCGTGTACTTTTGTGCATCTAGAAACAAACACTACCCAGTGAGTTTTGAGGGGCCAGGTCTTGTGAAAGTTCAGGAGAGTGAGTACTACCCCGAGAAATACCAATCGCACGTGCTCCTTGCAGCTGGATTTTCGGAACCAGGTGATTGTGGTGGTATCTTGAGGTGTGAACACGGTGTCATCGGACTCGTTACCATGGGTGGTGAGGGTGTAG	E6-MAD-3250-11-VP1-KR232742	78.0	14.2	Echovirus E6 isolate MAD3250-11 polyprotein gene, partial cds.	92.419	100.0	Viruses,ssRNA viruses,ssRNA positive-strand viruses, no DNA stage,Picornavirales,Picornaviridae,Enterovirus,Enterovirus B,Coxsackievirus B5	45130.9286907	0.009680583502452248
HC5-ROM-8150-P3M1M4_S226	HC5	ROM	8150	P3M1M4	2417794	149	2417794	149	2337028	146	2337028	144	1499	4	HC5-ROM-8150-P3M1M4_S226_NODE_359_length_89_cov_17.3824	89	AATTGTGAGCACCGCGCGCATTTACTTCAAACCCAAACACGTGAAGACGTGGGTTACCAGACCACCAAGGCTATGTCAATATCAAAAAG	E6-MAD-3250-11-VP1-KR232742	85.2	7.0	Echovirus E6 isolate MAD3250-11 polyprotein gene, partial cds.	93.258	100.0	Viruses,ssRNA viruses,ssRNA positive-strand viruses, no DNA stage,Picornavirales,Picornaviridae,Enterovirus,Enterovirus B,Coxsackievirus B5	14.0053171137	3.004140303131738e-06
HC7-ROM-8159-P3M1M4_S227	HC7	ROM	8159	P3M1M4	267826	150	267826	150	260095	146	260095	144	50	1	HC7-ROM-8159-P3M1M4_S227_NODE_1_length_4942_cov_171.309	4942	TGAATATCTAACTTGGGTTCTCCTGTCAATGAACTGGATGGCCTTGCCACACACTAGTGGGCAACACCTTTTGAAATTAACCGGGCAGCACTCGTCATCACATGTCTTAACAGACATGGGCATGTTAATTTTACCATTCTGGCTGTACATCGAAATCACCTCAATATTCATGTCAAAGTGAAACCTTCTGGCAAGTGCTCTGCTATCTGACACTGTTGGTGCATTAATGGACCCCGCGTTGGTTGATGCCAACACAAACGGGGACGTGAAGAGAATGCCTTTTTCTTCCAGCGCGGCCATGGGTGGCACAAAATCTACACTAGACACCATTTGGCAGAACAGGGACACGTCTTTCCCATCGGGGTTTTGACAGAGGTCATCCATAATCACTACTGCCTGTTGTTTGTACCCATCAAAGTGATCTGGATCTGGTGGCAAAGAGTACACAGAGCTGTTAAGCTTCTCTGCAAGGGATCTCCCTATTAGGTTGGTGGCTACTGACTTACCAGCCCCTGGACTACCATGAAGGAGTAAGCATACAGGCTCAATACGGCATTTGGACTTGAACTGTATGTAATTACTCATTTTCTTTTCTAGTGAGAACACTCTTTTTGCTTCGGCAGCGTACAGAGGTGCATACTTCCTGCAGTAATGGGCGAAGTACTGGACATTCGAAAAAAGCTGCTCTTGATCACTTTGTGAGGGTGCACTTTGCTCAATGGTGGTAATTTGGCTTTCAAGGAGTGGCAATTGCTTCAATCTGGTGAGGAATTCATGCTTCTCCTTCACTTCAGGCAGAATCTTTATTTTGAGCCACTCGATAAACTTTTGAATTTTAACAGCAATCCACTCCATGCCCTTGCAAGCGTTGGTCATTTCGGTGAATTTCTTCAACCAACCGTTATTCTGTCTTTCAGCCATGGGGATTCCGTAGTATTGACTCACTTTTTGTTTGAGCCATCGCCATGGAGATGTTGTGCAACCGATTAAAGCTAGTGTGGCAGTCACTGTAATCAGGTCATCGTGGTTCCTAACCACTATCACTAAGGCTGATATGATTTTAACCAGGGCCTTCAGGGATTTTTCTAATATGGAATCCTGCCCTATCAGGGACTCCTTGAGGAGGTTAACTTGCTCACAGATCTGGTTAGTGAAACCTGAGCCAAATGCATTTCCCAGTTGTTCTACATAATCTTTAACACCCTGCTCCATGGCATCGTCCTCCAACCACAAGAGGTCTCGCACGTCAGCGAAGCCTACTACACCCTCACCACCCATGGTAACGAGCCCAATAACTCCATGTTCACACCTCAAGATACCTCCACAATCACCCGGTTCTGAGAATCCAGCTGCAAGAAGTACATGCGACTGGTATCTCTCGGGGTAGTACTCACTCTCTTGAACTTTCACTAGGCCTGGACCCTCGAAGCTTACTGGGTAGTGCTTATTTCTGGATGCACAAAAGTACACGCCAGTAGTACATTGGCACCGTGCTATAATATCACAGCCATGAGCAGTGGTTGTGCTAACCAGGAGATCCCTGTTATAGTCTTCCCACACGCAATTTTGCCAATCGTGGTTTGTTGCCAGGTGTCTGTTTATGATCCTGTAATTGCCCACATACACAGCTCCAGATTGTTGCCCACATGGACCGGTGGTTTGCATTGCCGTAATTTCAGTACGGGACTCCGTTACGCCTGTTGGCTCAAAGTTGACGTTTCCTGCTTTCTGATATTGACATAGCCTTGGTGGTCTGGGAACCCACGTTTTCACGTGCTTGGGTTTAAAGTAAATGCGCACGGTGCTCACGATAGGACCTGGACTCCCATCATTTACGTGACGCATGTACAGGGTGCCCATGTTATTCAAGGTGTTTATACCGTAAGTCCCTTGCTTGTCAAACCTAGCCCACCCGTCATAGAACATACTGTAAGCATTCCCAATACTAATGAATGGTATAGATATGCGTGGAGGAGCACTCCCCTCTGTCCAAAACACACTTGGGTTGGTTGATGTTTGCCAGCTGTAGCTGTTGATCTTAGTGGGCACCGGGCCTCCTGGGGGCACATACATTATTTGATGAGTTAACACAGGCGAGTCTTGACCTTGGATGGTGGATTGCTCTTGTGTGCTTGTTATCACAAATGTGAGTTCTAAGTCAAATCTGGCATACGTGAACATTTCTAATTTGCGGCGCAACTGCGCGACCTGTCTTGTGTTGATCACCCAGTAGGCGAAATTGTCTCCATCAGTACCATGGTTCTTGTAAGTTGTGTAATACACACACGCGGATCTACACAGAAAGTTCTCTACTGTGGATTCAGATCGCGAGTGATAATTTTTCACGTGCCTGGTTTGCATGGTGTCCGCTGGAACCACCTGGGATGTGTGCCCGGTTTCTGCTGCTGTTAGTGCTGGAATTGACTCTGAATTAACAGGACCACTGCTTATGGTATCAGCCACGCGAGCAATCGCTCGTTCGACGGCTTCCCCAGGCGGTCCTTGGAAAAAGTTGTCTTGCTTTATAAAAGGTGTGTCCTTTAACATCCTCACGGAGAAATCGTTGCATGCTGATACAAAACACAAGATTTTGCAATCACTTTGTGTATCAGCAGGTACCACGATATTTGTCTGGTACCAACAAGTAATGTACCCTCCAGCGGTATACTCGTCCACCACCACATATCTGTAGTGTGTTTGACTAATCCATGGGATGCATAACACACAGCTGGATTGCAACCCAACGTCCCAGATGACGTGTGTTCCAAGCATTGCTTCTTTCCTGGTTGTTGGTGCACCAGCACCAGGGGGCGAATAAGCCAGTAGAAACTTACCAGTAGCCATTGCAGACCCGCAAAACATGAATGTCAATTTAATGCTTCCTGACCAATGTGTGTAATAATTAAGGATCTCACCCAGGAGTGTTCTATTTAACACACTACTGGCGCCGGGGATGAGAGGAAACCCAAACACCTGTGAGCCATTAGTTGAGTTTGATTGTACAGGTATTTGGTACGCTTCAATTGATGTCACTTTGCCCTCAGTGTTGTTAACTGGAACCACGGAATCAACTTCTGCAATCTCCATCAAGTTATTCACCTGCCCGGGAATTGCCATTTCTGGCGTCACGTCGAACTGTGGCATGGCGGAAGGCGACTGGAAGTCATCAGAGGTCAAAAACTGGTTGCTACCAGGTGTTAGCATTGTGGGTAACCCTTGTTTCCCTGCCAATCGCAAACCATTGTATTCTGCGCACATTGGTGCCACAGTCACCGTGATAGGCACGTAGGTGGTTGCGCCCGTGCTATAACTCAAGGGTGCAAAAGGTATAATCATTAGGGTGAAATTGTTGTGCCTGAACATATTATCCATTGGCACACTATTTATATATGGCATAACAATTGTGGCACTGTTGTTGGTTCGCAGGTTAATCCATTGATGTGGGAAAATGGTTAGGTTACCAACACCCACCCCCATACCTGCGTTAATAACATTGGCCTGCACGGCTGTTTGCCCGGTCGTGTTTTGTGAGTCAAATTTGTTGGCTGTTTATCCATTACTCAGGCTCTTTTTGTCAGGCTTATTTGCTATGGTCGCACAGCCCATCTCAGCCTCTGGCACACACACAACCAACAAACATCCTTGGTGGAACTTGGAGGCGTTACACTGAACATGCACTGTGTATCCAGCTCTCCCTAAATAATGGTACTGCATGTTTTGCCCGAACAAGCCCATGTTTGAAAGGGCGTCCGGGAATTTCCACCACCATCCAGGTGAGCTCTGCTGCCACATCACAGACTCTAAGGTGTAGAATCTACATGTTGCCACATCTGGTTGAGTTGGTTGATCCTCTGCCGTGGCCTCCTCATCTTTGAGGTACGTGGGCCATGTGCCATACCCGACCACCACATTAGCACACTCCTGCGTGGTGATTGTTGAGTTTCCCAACGTGATGGATCTTACCCTGTCACTGTACCCACACTCCTCGGCAGTTGGCGAATTGAGGGCTGGCATTGACTTAATCATAATATCCTTTACTGGCTCTGTGAACTTACCTGGGTCCTGTGCAAATTCTTGCCGGTTGGCTGAATTAGACGCGGCATCCTTATAGTAGTTAATATTTGTGTAATGAATGATGGAATTGCCGCTAGCATTCACCCCGGTCTCGTGCGCTCCAGTTTTCTGCGTTGAAACCTGAGCTCCCATCTTGCTGTATTCAGTTGTATAATGAGTTGTAGTGTTTTAACTTCTTTTAGGCTGAGTGGTATAAATCCAACAAAGAGGTAAACAATAGCTCTATTAGACACTGGATGGCCAATCCAATAGCTATATGGCAACAATCTTTCAATTGTCACCATAAGCAGCCAGTATAAGAATAAAAGGAAACACGGACACCCAAAGTAGTCGGTTCCGCTGCAGAGTTGCCCGTTACGACACAATACCCCCTGGGTTGAGGGCATGTGCTCCGCAGTTAGGATTAGCCGCATTCAGGGGCCGGAGGACTACTAACTAGCTCAATCGACTCTTCGCACCATGTCCGTATTGAAGCGTCCTACGGGTTGCCCCGTAGGCAGGCCGCCAGCGCAGCCACCGCCACGGTCACCCGTGGGGGACGCGGTGACTCATCGACCTGATCTACACTGGGGATGTGCTGAACGAAACGCCTCGCAACTTTCATGATACTACTGGGTTTCTCGAAGTAGTTAGCCGGGTGACGAACGTTTTCTCCTTCAACCGCGTGAGCAGTCTATTGATACTTGGTCCGGGGGTACAGGAGTGCTTGATCAAGACATAGCTGGTGTGCTATGCCCGCTATTGATCAGTGTGTACATCTTCTAAGTTGCAATTGGGAAAGGGGATATAAAACAGGCGCACAAAGGTACCGTGATACCAGAGTGCTAGCGCCCAGTGGGCCCTGTGGGTGGGTTCAACCCCCGGGCTG	EV77-_Lafeuille-VP1-AY208119-1	75.1	43.4	Human enterovirus 77 polyprotein gene, partial cds.	86.121	100.0	Viruses,ssRNA viruses,ssRNA positive-strand viruses, no DNA stage,Picornavirales,Picornaviridae,Enterovirus,Enterovirus B,Coxsackievirus B5	315477.57647	0.8574204797275395
HC6-ROM-8157-P3M1M4_S203	HC6	ROM	8157	P3M1M4	178781	148	178781	148	172208	145	172208	144	41	1	HC6-ROM-8157-P3M1M4_S203_NODE_1_length_7451_cov_101.92	7451	GAATTTACCCCTACCGCACTTGCATCAAGTTCGGTTCATACGGTAGGGTCAAGCCAATCGTGTTTGATTGTGCTCCAATTTTAAAAGGAGTCCAACCACTTCCTACGCAGTGTTGAAAATGCGGGAAGAGTCAAACAGCGCCCGACAGGCACGCTTCTGATCTTACGAATGAACTCCTCATATTCGTGCTCACCGTTGTGCCAAGCCAATAGGCACAGTGAGCGCACGTGATCTTGTGTGTTTTTGGGGTCCTTGGTCCATCTAATGGATTCATGGATGTCCTTCATGGGCATGACGGGGTGAACTAGGAATGGGTATTGCTCATCTGCTCTGAAATACCTTTTCAGGAAGGTCACATTTGTCCACGTCACCTCATTGAAACATTCACCTTTGTCGGCTGGGGTCATAATCAATCCATAGTCTTTCCCTGCTTCGGCCAACAGTGAAGCATCAATGGGCCATGGGTAGGAAGCAATCACATCATCCCCATATGCTATCATTCTGAATTGGTCCAGATCGATGCCCTTATAGACTTTTAGCATTAGAGTCCTGATTATTATGTTGTTGATCATGGAGTTAAATATGCTGGTGCCCGAGCATCCTGACGGCATTCCGCCCCTCACAAAGTAGTGCTTATCCCTGTATAGGTGGTGGGAGTTACAGAGATAGTCTATATAGTTTGTTTCTTTATGTGAATACCCCAATTTTTCCAATAGGAGTTTCAGGCATGCAAACCACACTGGGCTGAGGCTGGCGTCATAACCTGAGTAATCAAAAGCTATAAGATGTCCATCTAGCATGACAGGGATTTTACTCCAAAACACATCCGGATCACACCCGACGGCACTACCTGTGACTATGCCCGGATTGAGGTGGAAGGTTTTGTATAGGTTTCCAAACGTTTGTCTCATTGCCACCGAATCGTTGAGGCTGGAAGCCTCAATAAGCCTCGACTTCCCTTTGGTTACTTTCTCAGCTGATCTCAACTCATCTTTAACATATGTTACCATCGGTAAATTCAAACCATACTTATCCATGCATTCCTTTAACTTGGTGAGATCCTTGGTCTTCTTTGAGAGAATATCCCTCTTCTTGATGCCCAGAGCCACATAGGGGTAGCCCGCACTGGTAGTTAGATCTAATGCTTCCAGTCCCTCTGTGCCATACACGGCATCTTCTAGTTTCATGGGCTTAGTACTAATATCCAGCGTGGCTAATTGTCCTGCATAGTGATCTACAGCTTCCTGCATGTATTCGTCCACGTGCGTGTTGACATTGCCAATGTATTTGGAGAAGATTGCCTCCTCAAAGTTAGCCTTGAGTCGTGGGTCTCCATTTCTAAGAACTGCTGGCTCCTTGTTGCCCTCGAAAACATGGTGGAAAACGCTTGGCTCCAACTTGGTTTTACTAGGGGTGTTAATCACCGGGAAACCTGCATCCTTCGAACTTTCAATGAACTCTATTTCACCTTGTTCCTCATTGAAGTAATGCCTGAGGAGAGCAGCAGAGAAACCCTGGTGTCCGTTTCCTCCCACATGTATTCCGAGGACCTTTCCTGTTGACATGAGGACACCACCACACTGTCCAGCTCTAGTAGGGAAGTTATACATAAGCATCCTTTTTGTCGGGGTGCCACCCAAGTTCAAGAACCCGTAGTCAGTAACCTGGCCCACAGGGATGTACATGTTTGGAAATTTGCTAGTGTTTATTGCCAGGACTGCTTCATTCACCTCAACCTCTTCTTTTGCGAGAAAGCCTCTGATATCTCTAAATTTCTCGTTACGGTTGAGTTTCAGTAGTGTCAGCTCCAGGTTTGTGCCGTCCCTGTCAACCAGCTCCTTGGCGTCCAATACGCCAACCTCCTGGTCATTCATTAAAATGGTTGGTCCAGGTTTGGCATGGCGCGGCAACACGGCCCACCTGTCGTAGATGCCGAGCATTGTAAACTCACCATATTCAGTCTTCACTGTGCTGGCATTTCTTTTCATCATCGCCACGGCAAACTCGAATGCTGGGCCTTGCACTTTGGCTTGCCTCAAGGTGGGCACTTTGGGTTTCTGGTTGGGCATCCCGGTGTACGCACCCTGAAAGCCAGCAAACAACTTATAGATAATGTATATTATACCAGCCACTGAAACAAATGTGGTCAGCGCCTGCAAGCAAATAAATGCCCTGCTGACATGCTTCTCAATTTGCAGAGTGGTATTGACTTCCGGTACAAGCCAACCCTTCTCCTTGCAGTACTCCCTTATTGCCTCGCTGTCTACGGATTTCAAGAGGTCAGCAATAGCTGGTGGAGGGGGCGTTTCGGGGGCCACACTGATTCTAATTTCTCTGTACACGGGTGGTCCTTGGAACAAGGCCTCAAGAGTGGCACCCACGCTGTGTCTGTGGTTGTACTCCCTGAACATCTCAGTAACTAGCATGTCCAGCGAATATCTAACTTGGGTCTTCCTGTCAATGAATTGAATGGCTTTGCCACACACCAATGGACAACACTTCTTGAAATTAGCTGGGCAGCACTCATCATCACATGTCGTAACAGACATGGGCATGTTAATTTTACCATTTTGACTATACATGGAGATCACCTCGATGTTCATGTCGAAATGGAATCTTCTGGCAAGTGCTCTGCTGTCTGACACTGTGGGCGCGTTAATGGACCCTGCATTGGTCGATGCCAACACGAAAGGGGACGTAAAGAGTATTCCTTTTTCTTCCAATGCCGCCATGGGCGGCACAAAATCCACACTGGATACCATCTGGCAAAACAGTGATACATCCTTTCCATCAGGATTTTGGCACAAATCGTCCATGATCACCACTGCTTGCTGTTTATACCCGTCAAAGTGGTCTGGGTCTGGTGGCAAGGAGTACACAGAACTGTTCAGTTTCTCTGCCAACGACCTCCCTATCAAATTGGTGGCCACTGATTTTCCAGCACCTGGGCTACCATGAAGAAGCAAGCATACAGGTTCAATACGGCATTTGGACTTGAACTGTATGTAATTGCTCATTTTCTTTTCTAGTGAGAACACCCTTTTTGCTTCAGCAGCATACAGGGGTGCGTACTTCCTGCAGTAATGGGCGAAGTACTGGACGTTCGAAAAGAGCTGCTCTTGATCACTCTGTGAGGGTGCACTTTGCTCAATGGTGGCAATTTGACTTTCAAGGAGTGGCAGTTGTTTCAACCTGGTGAGGAACTCATGTTTCTCCTTCACTTCGGGCAGGATCTTTACTTTAAGCCACTCGATGAACTTTTGAATTTTGACGGCAATCCACTCCATGCCCTTGCAGGCGTTGGTCATTTCAGTAAATTTCTTTAACCAACCATTGTTCTGTCTCTCAGCCATGGGGATTCCGTAATATTGACACACTTTTTGTTTGAGCCACCGCCATGGAGACGATGTACAACCGATTAGAGCTAGTGTGGCAGTTACTGTAATCAGGTCATCGTGGTTCCTAACCACTATAACTAGGGCTGATATGATTTTAACCAGGGCCTTCAGGGATTTTTCTAGTATAGAATCCTGTCCTATCAAAGACTCTTTGAGGAGGTTGACTTGCTCACAAATCTGGTTAGTGAAGCCTGAGCCAAATGCATTTCCCAGTTGTTCTACGTAATCTCTAACACCCTGTTCCATGGCATCATCTTCCAACCACAAGAGGTCTCGCACGTCAGCGAAGCCTACTACACCCTCACCACCCATGGTAACGAGTCCGATGACACCGTGTTCACACCTCAAGATACCACCACAATCACCTGGTTCCGAAAATCCAGCTGCAAGGAGCACGTGCGATTGGTATTTCTCGGGGTAGTACTCACTCTCCTGAACTTTCACAAGACCTGGCCCCTCAAAACTCACTGGGTAGTGTTTGTTTCTAGATGCACAAAAGTACACGCCAGTAGTACATTGGCACCGTGCTATAGTGTCACAGCCATGAGCAGTGGTTGTGCTAACCAGGAGATCCCTATTATAGTCCTCCCACACACAATTTTGCCAGTCGTGTCTTGTTGCCAGGTGTCTGTTTATAATCCTGTAATTACCCACATACACAGCTCCAGATTGTTGTCCACATGGACCGGTGGTCTGCATCGCCGTAATTTCAGTACGGGACTCTGTCACCCCTGTTGGTTCAAAATTGACATTACCCGCTTTTTGATATTGACATAGCCTTGGTGGTCTGGGAACCCACGTCTTCACGTGTTTGGGTTTGAAGTAAATGCGCGCGGTGCTCACAATTGGACCTGGGCTCCCATCATTCACGTGGCGCATATACAGAGTGCCCATGTTGTTCAAGGTGTTTATACCATAGGTCCCTTGCTTGTCAAACCTAGCCCACCCGTCATAAAACATACTGTAAGCATTTCCAATACTAATAAATGGTATAGATATGCGTGGAGGGGCACTCCCCTCTGTCCAAAACACACTTGGGTTAGTTGATGTTTGCCAGCTGTAGCTGTTAATCTTAGTGGGCACCGGGCCTCCTGGGGGCACATACATTATTTGATGAGTTAACACAGGTGAGTCTTGACCTTGGATAGTGGATTGTTCTTGTGTGCTTGTTATTACAAATGTGAGCTCTAGATCAAATCTGGCGTACGTGAACATTTCTAGTTTGCGGCGCAACTGCGCAACCTGTCTTGTGTTGATCACCCAATAGGCGAAATTGTCCCCATCAGTGCCATGGTTCTTGTAAGTTGTATAATACACGCACGCGGATCTACAGAGAAAGTTCTCTACTGTAGATTCAGATCGCGAGTGGTAATTCTTCACGTGCCTAGTTTGCATGGTGTCCGCTGGAATCACTTGGGATGTGTGCCCAGTTTCTGCTGCTGTTAGTGCTGGTATTGACTCTGAATTGACAGGGCCACTGCTTATAGTGTCAGCCACGCGAGCAATCGCTCGCTCAACAGCTTCCCCGGGTGGTCCTTGGAAAAAGTTGTCTTGTTTTATGAAAGGTGTGTCCTTCAGCATCCTCACGGAAAAGTCATTGCATGCTGATACAAAACACAAGATTTTGCAGTCGCTTTGTGTATCAGCAGGTACCACGATATTTGTCTGGTACCAACATGTGATATACCCTCCAGCTGTATACTCGTCCACCACCACATATCTGTAATGTGTTTGACTGATCCATGGGATGCACAACACACAGCTGGACTGCAAACCAACATCCCAAATAACATGCGTTCCAAGCATTGCTTCTTTCCTGGTCGTTGGTGCCCCAGCACCGGGGGGTGAATATGCCAGTAGAAACTTGCCAGTAGCCATTGCAGAGCCGCAAAACATAAATGTCAATTTGATGCTTCCTGACCAATGTGTATAATAATTAAGGATCTCACCCAGGAGTGTCCTATTCAGCACACTACTGGCACCAGGGATAAGAGGAAACCCAAATACTTGTGAGCCATTAGTTGAGTTTGATTGCACGGGTATCTGGTATGCTTCAATTGAAGATACTTTGCCCTCGGTGTTGTTAACTGGAACCACCGAGTCAACCTCTGCAATCTCCATCAAATTATTCACCTGCCCAGGGATTGCCATTTCTGGCGTCACGTCGAACTGTGGCATGGCGGAAGGCGACTGGAAGTCATCAGAGGTCAAGAATTGGTTGCTACCAGGTGTTAGCATTGTGGGCAACCCTTGTCTCCCTGCCAATCGCAAACCATTGTATTCCGCACACATTGGTGCCACAGTCACCGTGATAGGCACGTAGGTGGTTGCGCCCGTGCTATAGCTTAAGGGTGCAAAAGGTATAATCATTAGGGTGAAATTGTTGTGTCTGAACATATTATCCATTGGCACACTATTTATATACGGCATAACGATTGTGGCACTGTTATTGGTTCGCAAGTTAATCCATTGATGTGGGAAAATAGTTAAGTTACCAACACCCACCCCCATGCCTGCATTAATGACGTTGGCCTGCACAGCTGTTTGTCCAGTCGTGTTTTGTGAGTCAAACGTGTTGGCTGTTTCCCCATTACTCAAGCTCTTCTGATCTGGCTTGTTGGCTATGGTTGCACAGCCCATCTCAGCCTCTGGCACACACACAACCAACAAACATCCTTGGTGGAATTTGGAGGCGTTGCACTGTACATGCACAGTATATCCAGCTCTACCCAAATAATGGTACTGCATGTTCTGTCCGAACAAGCCCATGTTTGAAAGGGCGTCCGGGAATTTCCACCACCATCCAGGTGAGCTTTGCTGCCACATCACGGACTCTAAGGTGTAAAACCTACATGTTGCCACATCTGGCTGAGTTGGTTGATCCTCTGCCGTAGCCTCTTCATCTTTGAGATACGTAGGCCACGTACCATACCCGACCACCACATTAGCACACTCCTGTGTGGTGATTGTTGAGTTTCCCAGCGTGATGGATCTTACCCTGTCACTGTACCCACACTCCTCGGCAGATGGTGAATTGAGGGCCGGCATTGACTTAATCATAATATCCTTTACTGGTTCTGTGAACTTACCTGGGTCCTGAACAAATTCCTGCCGGTTAGCCGAGTTAGACGCGGCATCCTTATAGTAGTTGATGTTTGTGTAGTGAATGATGGAATTTCCACTAGCGCTCACCCCGGTCTCATGTGCCCCAGTTTTTTGTGTTGAAACCTGAGCTCCCATTTTGCTGTGTTCAGTTGTATAATGAGTTGTAGTGTCTCAACTTCTTTTAGGTTGAGTGGTATAAATCCAACGAAGAGGTAAATTATAGCTCTGTTAGACACTGGATGGCCAATCCAATAGCTATATGGTAACAATCTTTCAATTGTCACCATAAGCAGCCAGTATAAGAATAAAAAGGAAACACGGACACCCAAAGTAGTCGGTTCCGCTGCAGAGTTGCCCGTTACGACACAATACCCCCTGGGTTGAGGGCATGTGCTCCGCAGTTGGGATTAGCCGCATTCAGGGGCCGGAGGACTACTAACTAGCTCAATCGACTCTTCGCACCATGTCTGCATTGAAGCGTCCTACGGGTTGCCCCGTAGGCAGGCCGCCAGCGCAGCCACCGCCACGGTCGTTTTTTTTTTAATGTTTGTGTGATCTGCGTGATCTACACTGGGGATGTGCTGAACGAAACGCCTCGCAACTTTCATGATACTACTGGGTTTCTCGAAGTAGTTAGCCGGATGACGAACGTTTTCTCCTTCAACCGCGCGAGCAGTCTATTGATACTTGGTCCGGGGGAAACAGGAGTGCTTGATCAAGACATAGCTGGTGTGCTACGCCCGCTATTGATCAGTGTGTACATCTTCTAAGTTGCAATTAGGGGAAGGGGATATAAAACAGGCGCACAAAGGTACCGTAATACCGGAGTGCTAGCGCCCAGTGGGCCCTGTGGGTGGGTTCAACCCCCAAGCTGCTGTCTCTTATACACATTCCGAGCCCACGAGACATCTCAGGATCTCGTATGCCGTCTTCTGCTTGAAAAAAAAA	E6-MAD-3224-11-VP1-KR232735	69.7	93.8	Echovirus E6 isolate MAD3224-11 polyprotein gene, partial cds.	83.924	99.0	Viruses,ssRNA viruses,ssRNA positive-strand viruses, no DNA stage,Picornavirales,Picornaviridae,Enterovirus,Enterovirus B,Coxsackievirus B5	324108.655034	0.9497160745180346
